Protein 1,Residue 1,Protein 2,Residue 2,p value,XLUniqueID
Pom152,62,Pom152@11,62,1,470
Pom152,62,Pom152,81,1,471
Pom152,62,Pom152@11,81,1,471
Pom152,90,Pom152,62,1,472
Pom152,90,Pom152@11,62,1,472
Pom152,90,Pom152,72,1,473
Pom152,90,Pom152@11,72,1,473
Pom152,311,Pom152,321,1,474
Pom152,311,Pom152@11,321,1,474
Pom152,311,Pom152,322,1,475
Pom152,311,Pom152@11,322,1,475
Pom152,317,Pom152,322,1,476
Pom152,317,Pom152@11,322,1,476
Pom152,328,Pom152,317,1,477
Pom152,328,Pom152@11,317,1,477
Pom152,328,Pom152,321,1,478
Pom152,328,Pom152@11,321,1,478
Pom152,328,Pom152,444,1,479
Pom152,328,Pom152@11,444,1,479
Pom152,357,Pom152,363,1,480
Pom152,357,Pom152@11,363,1,480
Pom152,363,Pom152,307,1,481
Pom152,363,Pom152@11,307,1,481
Pom152,363,Pom152,308,1,482
Pom152,363,Pom152@11,308,1,482
Pom152,444,Pom152,317,1,483
Pom152,444,Pom152@11,317,1,483
Pom152,444,Pom152,322,1,484
Pom152,444,Pom152@11,322,1,484
Pom152,563,Pom152,766,0.01,485
Pom152,683,Pom152,720,1,486
Pom152,683,Pom152,774,1,487
Pom152,697,Pom152,528,1,488
Pom152,697,Pom152,814,0.01,489
Pom152,746,Pom152,720,1,490
Pom152,838,Pom152,920,1,491
Pom152,920,Pom152,985,1,492
Pom152,922,Pom152,985,1,493